ECOSYS,BIOME,MAT,MWMT,MCMT,TD,lnMAP,lnMSP,lnAHM,lnSHM,SA_FIR,WHITE_BIRCH,TAMARACK,ENG_SPRUCE,WH_SPRUCE,BL_SPRUCE,WB_PINE,JACK_PINE,LP_PINE,ASPEN,BALSAM_POP,PIN_CHERRY,DOUG_FIR
A,Montane,-2.4987,9.5776,-11.8877,22.1371,2.9872,2.6097,0.9248,1.3670,-0.3474,-0.5907,-0.5674,-0.2678,-0.9723,-0.6597,3.6111,-0.4213,-0.3989,-0.8156,-0.9574,-0.3209,-0.2790
A,Montane,-2.4245,8.7461,-12.3876,21.5842,2.9791,2.5955,0.9134,1.3588,-0.3474,-0.5907,-0.5674,-0.2678,-0.9723,-0.6597,3.8178,-0.4213,-0.4579,-0.8156,-0.9574,-0.3209,-0.2790
A,Montane,-2.4700,9.2289,-11.8868,21.6966,3.0838,2.6126,0.9072,1.3469,-0.3474,-0.5907,-0.5674,-0.2678,-0.9723,-0.6597,3.0339,-0.4213,-0.4272,-0.8156,-0.9574,-0.3209,-0.2790
A,Montane,-2.4690,9.2881,-11.9021,22.2225,3.0929,2.6230,0.9067,1.3877,-0.3474,-0.5907,-0.5674,-0.2678,-0.9723,-0.6597,4.4216,-0.4213,-0.4284,-0.8156,-0.9574,-0.3209,-0.2790
A,Montane,-2.4241,8.8898,-11.9194,21.3917,3.0436,2.6191,0.9442,1.3518,-0.3474,-0.5907,-0.5674,-0.2678,-0.9723,-0.6597,3.8532,-0.4213,-0.4227,-0.8156,-0.9574,-0.3209,-0.2790
A,Montane,-2.4185,8.6494,-12.3097,22.2408,3.1596,2.5953,0.9486,1.3567,-0.3474,-0.5907,-0.5674,-0.2678,-0.9723,-0.6597,3.6227,-0.4213,-0.4402,-0.8156,-0.9574,-0.3209,-0.2790
A,Montane,-2.4164,9.0589,-11.6642,21.7843,3.1398,2.6057,0.9207,1.3900,-0.3474,-0.5907,-0.5674,-0.2678,-0.9723,-0.6597,3.2761,-0.4213,-0.4571,-0.8156,-0.9574,-0.3209,-0.2790
A,Montane,-2.4552,9.4460,-12.4337,22.2947,3.0377,2.6160,0.9197,1.3615,-0.3474,-0.5907,-0.5674,-0.2678,-0.9723,-0.6597,2.3207,-0.4213,-0.4387,-0.8156,-0.9574,-0.3209,-0.2790
BSA,Boreal,-3.5201,14.2928,-23.3615,37.7727,2.7688,2.4800,1.1326,1.6777,-0.3474,-0.5907,-0.5674,-0.2678,1.7777,1.3906,-0.3627,-0.4213,0.6694,-0.5083,0.0757,-0.3209,-0.2790
BSA,Boreal,-3.5275,14.0515,-23.0519,37.6500,2.7701,2.4827,1.1299,1.6826,-0.3474,-0.5907,-0.5674,-0.2678,1.8504,1.4520,-0.3627,-0.4213,0.5430,-0.4848,0.1391,-0.3209,-0.2790
BSA,Boreal,-3.5666,13.9777,-22.5234,37.5464,2.7126,2.4865,1.1588,1.6997,-0.3474,-0.5907,-0.5674,-0.2678,1.6073,1.1118,-0.3627,-0.4213,0.6106,-0.4875,0.1169,-0.3209,-0.2790
BSA,Boreal,-3.5267,14.2343,-22.8264,37.5395,2.7733,2.4852,1.1116,1.7100,-0.3474,-0.5907,-0.5674,-0.2678,1.5933,1.0946,-0.3627,-0.4213,0.7550,-0.5358,-0.0603,-0.3209,-0.2790
BSA,Boreal,-3.5065,14.4184,-22.6145,37.9978,2.8202,2.4875,1.1382,1.6758,-0.3474,-0.5907,-0.5674,-0.2678,2.2876,1.0891,-0.3627,-0.4213,0.6996,-0.4849,0.0591,-0.3209,-0.2790
BSA,Boreal,-3.5670,14.1119,-22.9880,37.6753,2.7422,2.4725,1.1153,1.7198,-0.3474,-0.5907,-0.5674,-0.2678,1.7795,1.2420,-0.3627,-0.4213,0.6979,-0.5392,-0.0741,-0.3209,-0.2790
BSA,Boreal,-3.5646,14.4149,-22.5796,37.6978,2.7330,2.4739,1.1391,1.7022,-0.3474,-0.5907,-0.5674,-0.2678,1.9980,1.0515,-0.3627,-0.4213,0.7268,-0.4861,-0.0528,-0.3209,-0.2790
BSA,Boreal,-3.5326,14.4331,-22.8063,38.0847,2.8250,2.4798,1.1285,1.7177,-0.3474,-0.5907,-0.5674,-0.2678,1.9111,1.5553,-0.3627,-0.4213,0.5732,-0.5125,0.0174,-0.3209,-0.2790
CM,Boreal,0.1357,16.5026,-18.2521,35.4813,2.6993,2.5230,1.3614,1.7365,-0.3198,2.3242,2.8527,-0.2678,0.5912,0.0454,-0.3627,0.5725,-0.6415,1.0755,1.2447,0.7545,-0.2790
CM,Boreal,0.1197,16.4081,-17.8803,35.2430,2.8303,2.5024,1.3387,1.7670,-0.3253,2.3236,2.7238,-0.2678,0.5432,0.0774,-0.3627,0.7038,-0.6412,1.1436,1.0015,0.5763,-0.2790
CM,Boreal,0.1377,16.3945,-17.8025,35.2715,2.7470,2.5297,1.3444,1.7526,-0.3193,2.3065,2.9619,-0.2678,0.5850,0.0217,-0.3627,0.6867,-0.6393,0.9441,1.1871,0.6670,-0.2790
CM,Boreal,0.1464,16.6347,-17.9140,35.4118,2.7353,2.5244,1.3673,1.7643,-0.3153,2.3798,2.8466,-0.2678,0.7949,-0.0353,-0.3627,0.6666,-0.6468,0.9978,0.8850,0.7784,-0.2790
CM,Boreal,0.1876,16.3714,-18.5517,34.6360,2.6901,2.5117,1.3332,1.7512,-0.3161,2.0702,3.0303,-0.2678,0.6390,0.1056,-0.3627,0.6796,-0.6390,1.2338,1.2262,0.5957,-0.2790
CM,Boreal,0.1483,16.5105,-18.0123,34.8882,2.8472,2.5018,1.3425,1.7259,-0.3196,2.3269,2.9234,-0.2678,0.6521,-0.0143,-0.3627,0.6131,-0.6468,0.9716,1.0406,0.6010,-0.2790
CM,Boreal,0.1044,16.4389,-18.5079,35.3684,2.8674,2.5109,1.3306,1.7337,-0.3254,2.2151,2.6505,-0.2678,0.4428,0.1145,-0.3627,0.6684,-0.6436,0.9019,1.0381,0.5722,-0.2790
CM,Boreal,0.1410,15.9786,-17.8452,35.3072,2.6842,2.5236,1.3583,1.7676,-0.3245,2.3510,2.6736,-0.2678,0.3933,-0.0024,-0.3627,0.7591,-0.6419,0.8988,1.0615,0.6140,-0.2790
CP,Parkland,2.2670,17.0826,-14.6041,32.2597,2.6915,2.4988,1.4568,1.7462,-0.3474,-0.5420,-0.5674,-0.2557,-0.8718,-0.6597,-0.3627,-0.4213,-0.6916,0.5258,-0.8336,-0.3209,-0.1509
CP,Parkland,2.2081,16.8312,-14.5842,31.8688,2.6809,2.4962,1.4633,1.7410,-0.3456,-0.5434,-0.5674,-0.2558,-0.8568,-0.6597,-0.3627,-0.4213,-0.6916,0.3607,-0.8153,-0.3209,-0.1365
CP,Parkland,2.2067,16.9886,-14.0981,31.5971,2.6762,2.4960,1.4789,1.7699,-0.3389,-0.5347,-0.5674,-0.2526,-0.8790,-0.6597,-0.3627,-0.4213,-0.6914,0.3622,-0.8356,-0.3209,-0.1400
CP,Parkland,2.2006,16.6815,-14.5011,31.4334,2.6511,2.5003,1.4855,1.7397,-0.3463,-0.5393,-0.5674,-0.2525,-0.8740,-0.6597,-0.3627,-0.4213,-0.6913,0.5277,-0.8365,-0.3209,-0.1310
CP,Parkland,2.2453,16.9473,-14.1000,31.8420,2.6410,2.4921,1.4668,1.7535,-0.3425,-0.5383,-0.5674,-0.2515,-0.8554,-0.6597,-0.3627,-0.4213,-0.6913,0.3840,-0.8267,-0.3209,-0.1433
CP,Parkland,2.2466,16.9152,-14.6763,32.2684,2.7867,2.4926,1.4650,1.7583,-0.3467,-0.5473,-0.5674,-0.2539,-0.8743,-0.6597,-0.3627,-0.4213,-0.6906,0.4767,-0.8179,-0.3209,-0.1357
CP,Parkland,2.2642,16.8418,-13.8407,31.6017,2.7260,2.5142,1.4904,1.7458,-0.3477,-0.5472,-0.5674,-0.2520,-0.8515,-0.6597,-0.3627,-0.4213,-0.6910,0.3930,-0.8214,-0.3209,-0.1370
CP,Parkland,2.2163,17.1301,-14.4841,31.9158,2.8349,2.5195,1.4678,1.7378,-0.3471,-0.5414,-0.5674,-0.2525,-0.8517,-0.6597,-0.3627,-0.4213,-0.6913,0.3501,-0.8272,-0.3209,-0.1393
DM,Boreal,1.0116,15.9962,-16.3112,33.7546,2.6967,2.4980,1.4290,1.7727,-0.3399,0.3529,-0.1199,-0.2678,0.5555,-0.3377,-0.3627,-0.2275,-0.6499,1.8185,2.0959,4.0793,-0.2790
DM,Boreal,1.0025,16.1609,-16.2039,33.4085,2.7359,2.5060,1.4061,1.7345,-0.3498,0.3078,-0.1043,-0.2678,0.4218,-0.3109,-0.3627,-0.2470,-0.6434,1.6432,1.9147,3.6475,-0.2790
DM,Boreal,1.0808,16.3641,-16.8691,33.0806,2.7783,2.4851,1.4284,1.7496,-0.3474,0.3883,-0.1185,-0.2678,0.3355,-0.3546,-0.3627,-0.2495,-0.6470,1.8336,1.9837,3.5993,-0.2790
DM,Boreal,1.0496,16.3662,-16.4413,33.1636,2.7236,2.5099,1.4251,1.7421,-0.3474,0.3061,-0.1051,-0.2678,0.4321,-0.3447,-0.3627,-0.2304,-0.6455,1.8068,2.1053,4.1784,-0.2790
DM,Boreal,1.0210,16.4359,-15.9032,33.1267,2.8194,2.5119,1.4124,1.7525,-0.3474,0.3879,-0.0767,-0.2678,0.3521,-0.3049,-0.3627,-0.2165,-0.6464,1.7235,2.4600,4.0415,-0.2790
DM,Boreal,1.0762,16.2307,-16.5671,33.3586,2.7177,2.4861,1.4030,1.7773,-0.3474,0.3615,-0.1231,-0.2678,0.2664,-0.3319,-0.3627,-0.2413,-0.6435,1.8404,2.0921,4.1196,-0.2790
DM,Boreal,1.0186,16.8416,-16.2857,33.1543,2.8048,2.5047,1.4111,1.7588,-0.3354,0.2635,-0.0949,-0.2678,0.3774,-0.3107,-0.3627,-0.2272,-0.6396,1.8055,2.3821,3.6001,-0.2790
DM,Boreal,1.0107,16.8312,-16.1298,33.0023,2.6971,2.4917,1.3896,1.7505,-0.3474,0.3361,-0.0769,-0.2678,0.3090,-0.3321,-0.3627,-0.2330,-0.6398,1.8521,2.2156,3.6697,-0.2790
DMG,Grassland,4.2990,19.4362,-11.7801,31.3414,2.6377,2.3415,1.6750,1.9714,-0.3474,-0.5907,-0.5674,-0.2678,-0.9723,-0.6597,-0.3627,-0.4213,-0.6956,-0.8156,-0.9574,-0.3209,-0.2790
DMG,Grassland,4.2392,18.6011,-11.4725,31.1888,2.6492,2.3457,1.6746,1.9402,-0.3463,-0.5907,-0.5674,-0.2678,-0.9723,-0.6597,-0.3627,-0.4213,-0.6956,-0.8156,-0.9574,-0.3209,-0.2790
DMG,Grassland,4.2554,19.0782,-12.0094,31.6519,2.7197,2.3556,1.6306,1.9620,-0.3474,-0.5907,-0.5674,-0.2678,-0.9723,-0.6597,-0.3627,-0.4213,-0.6956,-0.8156,-0.9574,-0.3209,-0.2790
DMG,Grassland,4.2617,18.8061,-11.2491,31.2704,2.6058,2.3509,1.6678,1.9731,-0.3474,-0.5907,-0.5674,-0.2678,-0.9723,-0.6597,-0.3627,-0.4213,-0.6956,-0.8156,-0.9574,-0.3209,-0.2790
DMG,Grassland,4.2170,18.5876,-11.2417,31.3970,2.5654,2.3448,1.6701,1.9712,-0.3474,-0.5907,-0.5674,-0.2678,-0.9723,-0.6597,-0.3627,-0.4213,-0.6956,-0.8156,-0.9574,-0.3209,-0.2790
DMG,Grassland,4.2685,19.4533,-11.3445,30.7986,2.6356,2.3412,1.6348,1.9579,-0.3471,-0.5907,-0.5674,-0.2678,-0.9723,-0.6597,-0.3627,-0.4213,-0.6956,-0.8156,-0.9574,-0.3209,-0.2790
DMG,Grassland,4.2755,19.1576,-11.4997,31.6627,2.6426,2.3416,1.6313,1.9704,-0.3399,-0.5907,-0.5674,-0.2678,-0.9723,-0.6597,-0.3627,-0.4213,-0.6956,-0.8156,-0.9574,-0.3209,-0.2790
DMG,Grassland,4.2690,19.1627,-11.7756,31.6064,2.7027,2.3596,1.6681,1.9624,-0.3498,-0.5907,-0.5674,-0.2678,-0.9723,-0.6597,-0.3627,-0.4213,-0.6956,-0.8156,-0.9574,-0.3209,-0.2790
FF,Grassland,3.9951,16.4128,-9.0898,26.1088,2.8627,2.5010,1.5284,1.7851,-0.3474,-0.5907,-0.5674,-0.2678,-0.9723,-0.6597,-0.3627,-0.4213,-0.6956,-0.8156,-0.9574,-0.3209,-0.2790
FF,Grassland,3.9403,17.1150,-9.5729,26.2579,2.7110,2.4935,1.4905,1.7781,-0.3474,-0.5907,-0.5674,-0.2678,-0.9723,-0.6597,-0.3627,-0.4213,-0.6956,-0.8156,-0.9574,-0.3209,-0.2790
FF,Grassland,3.9054,16.7984,-9.4209,26.2622,2.8200,2.4919,1.5293,1.7729,-0.3474,-0.5907,-0.5674,-0.2678,-0.9723,-0.6597,-0.3627,-0.4213,-0.6956,-0.8156,-0.9574,-0.3209,-0.2790
FF,Grassland,3.9590,16.8383,-9.3042,26.1610,2.8227,2.4778,1.5284,1.7842,-0.3474,-0.5907,-0.5674,-0.2678,-0.9723,-0.6597,-0.3627,-0.4213,-0.6956,-0.8156,-0.9574,-0.3209,-0.2790
FF,Grassland,3.9288,17.1155,-9.7921,26.8741,2.7430,2.4944,1.5148,1.7621,-0.3474,-0.5907,-0.5674,-0.2678,-0.9723,-0.6597,-0.3627,-0.4213,-0.6956,-0.8156,-0.9574,-0.3209,-0.2790
FF,Grassland,3.9905,16.7371,-9.2071,26.5940,2.7546,2.4952,1.4956,1.7957,-0.3474,-0.5907,-0.5674,-0.2678,-0.9723,-0.6597,-0.3627,-0.4213,-0.6956,-0.8156,-0.9574,-0.3209,-0.2790
FF,Grassland,3.9404,17.0923,-9.0039,26.2174,2.8261,2.4812,1.4891,1.7888,-0.3474,-0.5907,-0.5674,-0.2678,-0.9723,-0.6597,-0.3627,-0.4213,-0.6956,-0.8156,-0.9574,-0.3209,-0.2790
FF,Grassland,3.9440,16.6942,-8.9714,26.6681,2.7453,2.4964,1.5185,1.7827,-0.3474,-0.5907,-0.5674,-0.2678,-0.9723,-0.6597,-0.3627,-0.4213,-0.6956,-0.8156,-0.9574,-0.3209,-0.2790
LBH,Boreal,-0.9052,15.7735,-19.7021,35.5389,2.8246,2.4960,1.2943,1.7302,-0.1421,0.2308,-0.5674,-0.2678,1.8833,0.8225,-0.3627,0.5070,0.0362,0.6047,1.2552,-0.0253,-0.2790
LBH,Boreal,-0.9379,15.7631,-19.8779,35.4563,2.7487,2.4956,1.2790,1.6960,-0.1729,0.2072,-0.5674,-0.2678,2.1552,0.7799,-0.3627,0.3598,-0.0516,0.5746,1.3346,0.0161,-0.2790
LBH,Boreal,-0.9014,15.7781,-20.0160,35.7109,2.7055,2.5121,1.3039,1.7264,-0.1541,0.2923,-0.5674,-0.2678,2.2042,0.7144,-0.3627,0.3812,-0.0020,0.5707,1.4004,-0.0350,-0.2790
LBH,Boreal,-0.9474,15.3433,-19.4840,35.3487,2.7669,2.5176,1.2763,1.7182,-0.1370,0.2393,-0.5674,-0.2678,1.9176,0.8417,-0.3627,0.4801,0.0361,0.4817,1.5699,0.0063,-0.2790
LBH,Boreal,-0.9941,15.5029,-19.2382,35.8556,2.7881,2.4916,1.2822,1.6956,-0.1453,0.2772,-0.5674,-0.2678,2.5735,0.8594,-0.3627,0.3700,0.0366,0.4120,1.2610,-0.0195,-0.2790
LBH,Boreal,-0.9369,15.5580,-19.8226,35.4503,2.7437,2.5079,1.2611,1.7093,-0.1681,0.2060,-0.5674,-0.2678,2.4690,0.7011,-0.3627,0.4949,-0.0167,0.4570,1.1493,-0.0478,-0.2790
LBH,Boreal,-0.9621,15.7254,-19.8455,35.1827,2.7200,2.5035,1.3046,1.7146,-0.1354,0.2688,-0.5674,-0.2678,2.4813,0.8481,-0.3627,0.3460,0.0190,0.5703,1.4933,-0.0124,-0.2790
LBH,Boreal,-0.9852,15.3099,-19.7559,35.8973,2.8407,2.5200,1.2987,1.6935,-0.1696,0.2553,-0.5674,-0.2678,2.2921,0.7229,-0.3627,0.3980,0.0419,0.5393,1.5141,-0.0413,-0.2790
LF,Montane,1.8364,15.3457,-12.7240,27.6717,2.7905,2.6277,1.3369,1.5952,-0.0199,0.4359,1.0863,-0.2678,0.0841,-0.2234,-0.3627,-0.4159,0.3382,0.2107,0.0518,-0.3209,-0.0991
LF,Montane,1.8591,14.8186,-12.5060,28.1241,2.8708,2.6163,1.3000,1.6050,-0.0356,0.5071,1.0408,-0.2678,0.0724,-0.2063,-0.3627,-0.4160,0.3052,0.2534,0.1943,-0.3209,-0.1062
LF,Montane,1.8352,15.0188,-12.7485,28.2149,2.9440,2.6375,1.3198,1.5942,-0.0313,0.5412,1.0909,-0.2678,0.0410,-0.1768,-0.3627,-0.4168,0.3319,0.4002,0.0959,-0.3209,-0.0934
LF,Montane,1.8853,14.9552,-12.2210,27.7817,2.9382,2.6228,1.3099,1.5871,0.0057,0.4334,1.0240,-0.2678,0.1198,-0.2215,-0.3627,-0.4163,0.2661,0.3578,-0.0005,-0.3209,-0.0979
LF,Montane,1.8558,14.8091,-12.3701,28.0349,2.9659,2.6215,1.3257,1.5840,-0.0388,0.4528,0.9785,-0.2678,0.2796,-0.2533,-0.3627,-0.4167,0.4126,0.3944,0.0364,-0.3209,-0.0908
LF,Montane,1.8194,15.6268,-12.8058,28.4097,2.8062,2.6121,1.3180,1.6092,0.0190,0.4616,0.9905,-0.2678,0.1175,-0.2809,-0.3627,-0.4167,0.3139,0.3078,0.1454,-0.3209,-0.1205
LF,Montane,1.8413,15.5450,-12.6117,28.1519,2.8308,2.6361,1.3362,1.5980,-0.0359,0.5286,1.1030,-0.2678,0.1812,-0.2531,-0.3627,-0.4164,0.2609,0.3844,0.1370,-0.3209,-0.1154
LF,Montane,1.8525,14.8407,-12.0282,28.2220,2.8701,2.6155,1.3431,1.5865,-0.0182,0.5045,1.0402,-0.2678,0.3057,-0.2269,-0.3627,-0.4158,0.3869,0.3839,0.0164,-0.3209,-0.1038
M,Montane,2.2094,14.1941,-9.2423,24.6980,2.8183,2.5602,1.3237,1.6290,0.0351,-0.5305,-0.5674,-0.0352,-0.1466,-0.6321,0.0664,-0.4213,0.1218,-0.2486,-0.3975,-0.3209,4.0140
M,Montane,2.2765,14.4719,-9.8928,24.1893,2.9751,2.5559,1.3697,1.6369,-0.0167,-0.5344,-0.5674,0.0329,-0.1745,-0.6301,0.0745,-0.4213,0.1283,-0.2710,-0.3596,-0.3209,4.3818
M,Montane,2.2240,14.0824,-9.6581,24.7907,2.7935,2.5559,1.3355,1.6474,-0.0204,-0.5234,-0.5674,0.0035,-0.1951,-0.6254,0.0768,-0.4213,0.2577,-0.2786,-0.3335,-0.3209,3.7338
M,Montane,2.2928,13.9552,-9.4207,24.7844,2.8450,2.5592,1.3437,1.6489,-0.0011,-0.5321,-0.5674,-0.0224,-0.0813,-0.6252,0.0509,-0.4213,0.1594,-0.2133,-0.4265,-0.3209,3.9056
M,Montane,2.2947,14.4372,-9.5497,24.5803,2.8725,2.5373,1.3489,1.6299,0.0219,-0.5294,-0.5674,0.0123,-0.1057,-0.6331,0.0046,-0.4213,0.1965,-0.1868,-0.4159,-0.3209,3.7135
M,Montane,2.2700,13.8925,-9.4982,24.8050,2.9359,2.5303,1.3504,1.6276,-0.0382,-0.5394,-0.5674,-0.0405,-0.2506,-0.6285,0.0384,-0.4213,0.1146,-0.2475,-0.3438,-0.3209,4.2216
M,Montane,2.2831,14.2290,-9.7744,24.8631,2.9160,2.5602,1.3442,1.6485,0.0335,-0.5382,-0.5674,-0.0076,-0.1203,-0.6306,-0.0497,-0.4213,0.1887,-0.2681,-0.4261,-0.3209,4.1484
M,Montane,2.2757,14.3557,-9.8042,24.1843,2.9137,2.5527,1.3461,1.6276,-0.0385,-0.5278,-0.5674,-0.0270,-0.0317,-0.6260,-0.0295,-0.4213,0.1523,-0.2786,-0.4157,-0.3209,3.6407
MG,Grassland,4.4555,18.2675,-10.1223,28.4081,2.7596,2.4252,1.6184,1.8604,-0.3474,-0.5907,-0.5674,-0.2678,-0.9723,-0.6597,-0.3627,-0.4213,-0.6956,-0.8156,-0.9574,-0.3209,-0.2790
MG,Grassland,4.4049,18.0225,-9.2255,28.5868,2.7501,2.4153,1.5895,1.8655,-0.3474,-0.5907,-0.5674,-0.2678,-0.9723,-0.6597,-0.3627,-0.4213,-0.6956,-0.8156,-0.9574,-0.3209,-0.2790
MG,Grassland,4.4442,17.7154,-10.1627,27.8302,2.7305,2.4217,1.5849,1.8567,-0.3474,-0.5907,-0.5674,-0.2678,-0.9723,-0.6597,-0.3627,-0.4213,-0.6956,-0.8156,-0.9574,-0.3209,-0.2790
MG,Grassland,4.4799,18.2594,-9.9231,28.4173,2.7968,2.4000,1.5822,1.8826,-0.3474,-0.5907,-0.5674,-0.2678,-0.9723,-0.6597,-0.3627,-0.4213,-0.6956,-0.8156,-0.9574,-0.3209,-0.2790
MG,Grassland,4.4072,17.7504,-9.6671,28.5973,2.6882,2.4089,1.5886,1.8592,-0.3474,-0.5907,-0.5674,-0.2678,-0.9723,-0.6597,-0.3627,-0.4213,-0.6956,-0.8156,-0.9574,-0.3209,-0.2790
MG,Grassland,4.4879,18.0713,-10.1704,28.0234,2.6844,2.4009,1.6104,1.8935,-0.3474,-0.5907,-0.5674,-0.2678,-0.9723,-0.6597,-0.3627,-0.4213,-0.6956,-0.8156,-0.9574,-0.3209,-0.2790
MG,Grassland,4.4717,18.1460,-9.3416,28.7694,2.6900,2.4222,1.6166,1.8557,-0.3474,-0.5907,-0.5674,-0.2678,-0.9723,-0.6597,-0.3627,-0.4213,-0.6956,-0.8156,-0.9574,-0.3209,-0.2790
MG,Grassland,4.4286,17.7346,-9.3303,28.3580,2.7521,2.4065,1.5786,1.8578,-0.3474,-0.5907,-0.5674,-0.2678,-0.9723,-0.6597,-0.3627,-0.4213,-0.6956,-0.8156,-0.9574,-0.3209,-0.2790
NF,Grassland,2.6970,17.7530,-14.4553,32.4552,2.7440,2.4467,1.5673,1.8365,-0.3474,-0.5907,-0.5674,-0.2678,-0.9723,-0.6597,-0.3627,-0.4213,-0.6956,-0.8156,-0.9574,-0.3209,-0.2790
NF,Grassland,2.6235,18.0092,-13.5071,31.6354,2.6915,2.4384,1.5485,1.8290,-0.3474,-0.5907,-0.5674,-0.2678,-0.9723,-0.6597,-0.3627,-0.4213,-0.6956,-0.8156,-0.9574,-0.3209,-0.2790
NF,Grassland,2.6078,17.4092,-13.5254,31.8679,2.7639,2.4246,1.5627,1.8153,-0.3474,-0.5907,-0.5674,-0.2678,-0.9723,-0.6597,-0.3627,-0.4213,-0.6956,-0.8156,-0.9574,-0.3209,-0.2790
NF,Grassland,2.6449,17.5805,-14.0091,31.9231,2.5970,2.4410,1.5601,1.8224,-0.3474,-0.5907,-0.5674,-0.2678,-0.9723,-0.6597,-0.3627,-0.4213,-0.6956,-0.8156,-0.9574,-0.3209,-0.2790
NF,Grassland,2.6941,17.8529,-14.3891,31.8016,2.6243,2.4515,1.5603,1.8482,-0.3474,-0.5907,-0.5674,-0.2678,-0.9723,-0.6597,-0.3627,-0.4213,-0.6956,-0.8156,-0.9574,-0.3209,-0.2790
NF,Grassland,2.6074,17.3206,-14.0477,32.2033,2.5920,2.4467,1.5417,1.8404,-0.3474,-0.5907,-0.5674,-0.2678,-0.9723,-0.6597,-0.3627,-0.4213,-0.6956,-0.8156,-0.9574,-0.3209,-0.2790
NF,Grassland,2.6115,18.1656,-13.5942,32.0707,2.7383,2.4343,1.5201,1.8278,-0.3474,-0.5907,-0.5674,-0.2678,-0.9723,-0.6597,-0.3627,-0.4213,-0.6956,-0.8156,-0.9574,-0.3209,-0.2790
NF,Grassland,2.6732,17.3360,-14.2854,31.7219,2.6897,2.4363,1.5354,1.8186,-0.3474,-0.5907,-0.5674,-0.2678,-0.9723,-0.6597,-0.3627,-0.4213,-0.6956,-0.8156,-0.9574,-0.3209,-0.2790
NM,Boreal,-2.5386,16.0677,-23.6901,40.4347,2.6014,2.3818,1.3008,1.8493,-0.3474,2.7014,1.8069,-0.2678,0.6797,1.7845,-0.3627,3.5803,-0.6956,-0.1730,1.1873,-0.3209,-0.2790
NM,Boreal,-2.5109,16.0085,-23.3955,39.9538,2.7452,2.3804,1.2894,1.8457,-0.3474,2.7120,1.8368,-0.2678,0.9046,1.9727,-0.3627,4.1471,-0.6956,-0.1549,0.9562,-0.3209,-0.2790
NM,Boreal,-2.5061,16.3720,-23.9821,40.7537,2.7322,2.3657,1.2991,1.8767,-0.3474,2.3806,1.6663,-0.2678,0.9216,2.2562,-0.3627,3.9346,-0.6956,-0.1180,0.8782,-0.3209,-0.2790
NM,Boreal,-2.5885,16.8612,-23.4052,40.7760,2.6180,2.3855,1.2883,1.8702,-0.3474,3.0580,1.7791,-0.2678,1.1507,2.0192,-0.3627,3.4264,-0.6956,-0.1577,0.8456,-0.3209,-0.2790
NM,Boreal,-2.5436,16.1204,-23.7956,40.4249,2.6032,2.3918,1.3293,1.8552,-0.3474,3.1572,1.7878,-0.2678,1.1873,2.0720,-0.3627,3.6363,-0.6956,-0.0381,0.9199,-0.3209,-0.2790
NM,Boreal,-2.5271,16.0622,-23.1555,40.4879,2.7399,2.3720,1.2986,1.8584,-0.3474,2.7021,1.8105,-0.2678,1.0206,2.2229,-0.3627,3.5526,-0.6956,-0.1588,1.0819,-0.3209,-0.2790
NM,Boreal,-2.5754,16.6231,-23.4728,40.5071,2.7655,2.3744,1.3080,1.8665,-0.3474,2.3131,1.8266,-0.2678,0.9477,2.2469,-0.3627,4.0283,-0.6956,-0.0725,1.2011,-0.3209,-0.2790
NM,Boreal,-2.5041,16.1712,-23.3421,39.8887,2.7526,2.3647,1.2962,1.8457,-0.3474,2.8587,1.7485,-0.2678,1.0303,2.2531,-0.3627,3.3587,-0.6956,-0.0472,0.9292,-0.3209,-0.2790
PRP,Parkland,1.4051,16.4271,-14.9705,31.8416,2.6908,2.4689,1.4353,1.7882,-0.3474,-0.5907,-0.5674,-0.2678,-0.6113,-0.6597,-0.3627,-0.4213,-0.6956,2.3668,0.7798,-0.3209,-0.2790
PRP,Parkland,1.4524,16.4863,-15.4734,31.8014,2.7180,2.4747,1.4114,1.7795,-0.3474,-0.5907,-0.5674,-0.2678,-0.6349,-0.6597,-0.3627,-0.4213,-0.6956,2.4489,0.4884,-0.3209,-0.2790
PRP,Parkland,1.4018,16.3678,-15.6751,32.1630,2.7568,2.4523,1.4257,1.7795,-0.3474,-0.5907,-0.5674,-0.2678,-0.6774,-0.6597,-0.3627,-0.4213,-0.6956,2.8411,0.6827,-0.3209,-0.2790
PRP,Parkland,1.4171,16.5354,-15.3376,32.3098,2.7790,2.4565,1.4136,1.7891,-0.3474,-0.5907,-0.5674,-0.2678,-0.6184,-0.6597,-0.3627,-0.4213,-0.6956,2.7088,0.4830,-0.3209,-0.2790
PRP,Parkland,1.4567,16.0243,-15.2973,32.2976,2.7646,2.4821,1.4402,1.7614,-0.3474,-0.5907,-0.5674,-0.2678,-0.5961,-0.6597,-0.3627,-0.4213,-0.6956,2.3484,0.7188,-0.3209,-0.2790
PRP,Parkland,1.4478,16.3712,-15.2922,31.8566,2.6808,2.4755,1.4462,1.7933,-0.3474,-0.5907,-0.5674,-0.2678,-0.6627,-0.6597,-0.3627,-0.4213,-0.6956,2.9635,0.7453,-0.3209,-0.2790
PRP,Parkland,1.4937,16.3391,-15.5753,31.9922,2.6697,2.4730,1.4483,1.7677,-0.3474,-0.5907,-0.5674,-0.2678,-0.5965,-0.6597,-0.3627,-0.4213,-0.6956,3.0098,0.5567,-0.3209,-0.2790
PRP,Parkland,1.4840,16.6263,-15.0964,31.8177,2.7135,2.4600,1.4489,1.7862,-0.3474,-0.5907,-0.5674,-0.2678,-0.6740,-0.6597,-0.3627,-0.4213,-0.6956,2.7208,0.6345,-0.3209,-0.2790
SA,Montane,-0.1639,12.0101,-11.1814,23.2716,2.9786,2.5848,1.1459,1.5174,3.6228,-0.5812,-0.4029,3.6735,-0.4968,-0.6017,1.3312,-0.4213,1.0671,-0.7563,-0.7373,-0.3209,-0.1135
SA,Montane,-0.1316,11.4013,-11.4383,23.7774,3.0366,2.6030,1.1432,1.5161,3.7561,-0.5819,-0.4174,4.2038,-0.4402,-0.6061,1.3806,-0.4213,0.8364,-0.7610,-0.7443,-0.3209,-0.0997
SA,Montane,-0.1520,11.6757,-11.7581,24.0134,3.0345,2.5824,1.1156,1.5225,3.9534,-0.5820,-0.4072,3.6097,-0.5134,-0.6011,1.8957,-0.4213,0.9667,-0.7549,-0.7351,-0.3209,-0.0927
SA,Montane,-0.1094,11.5804,-11.7416,23.4670,2.8853,2.6009,1.1455,1.5228,3.8766,-0.5829,-0.4139,3.8533,-0.4193,-0.6013,1.6414,-0.4213,1.0380,-0.7622,-0.7526,-0.3209,-0.0994
SA,Montane,-0.1294,12.2566,-11.0757,23.1355,2.9327,2.5780,1.1203,1.5068,3.9139,-0.5820,-0.4097,4.2290,-0.4873,-0.6059,1.2918,-0.4213,0.8041,-0.7531,-0.7178,-0.3209,-0.1053
SA,Montane,-0.1698,11.7225,-11.4922,23.1313,2.9354,2.5806,1.1585,1.5328,3.9906,-0.5816,-0.4097,3.6970,-0.4711,-0.5939,1.4674,-0.4213,1.1099,-0.7556,-0.7403,-0.3209,-0.0838
SA,Montane,-0.1666,12.1148,-11.0238,23.4361,2.9699,2.5737,1.1530,1.5066,4.0761,-0.5833,-0.4196,4.1892,-0.5328,-0.6072,1.4508,-0.4213,0.9695,-0.7639,-0.7394,-0.3209,-0.1054
SA,Montane,-0.1955,11.4343,-11.3895,23.3381,3.0607,2.5855,1.1130,1.5382,4.0228,-0.5819,-0.4185,4.2984,-0.5063,-0.6009,1.9727,-0.4213,1.1217,-0.7530,-0.7472,-0.3209,-0.1067
UBH,Boreal,-1.4662,15.0459,-19.3905,34.5513,2.7653,2.5272,1.2378,1.6359,-0.3474,0.3041,-0.4497,-0.2678,0.6788,2.5281,-0.3627,0.5702,2.9342,-0.5140,0.9152,-0.3209,-0.2790
UBH,Boreal,-1.4770,14.7518,-19.9325,34.7968,2.7394,2.5378,1.2118,1.6443,-0.3474,0.1656,-0.4521,-0.2678,0.7440,2.4757,-0.3627,0.4413,2.6074,-0.5058,1.0534,-0.3209,-0.2790
UBH,Boreal,-1.4742,15.2617,-19.6017,34.6924,2.8359,2.5352,1.2089,1.6705,-0.3474,0.2860,-0.4431,-0.2678,0.9232,2.4694,-0.3627,0.4448,2.5985,-0.4844,1.0657,-0.3209,-0.2790
UBH,Boreal,-1.4726,15.2107,-19.7627,35.3419,2.9197,2.5315,1.2404,1.6515,-0.3474,0.1400,-0.4465,-0.2678,0.8892,2.3367,-0.3627,0.4499,2.9818,-0.4948,0.9318,-0.3209,-0.2790
UBH,Boreal,-1.4461,14.7624,-19.3703,34.9440,2.7995,2.5526,1.2475,1.6367,-0.3474,0.1722,-0.4459,-0.2678,0.6687,2.3404,-0.3627,0.5440,2.9312,-0.5223,1.0717,-0.3209,-0.2790
UBH,Boreal,-1.4002,14.6499,-19.1922,34.6688,2.7855,2.5526,1.2183,1.6714,-0.3474,0.3086,-0.4456,-0.2678,0.8811,2.2169,-0.3627,0.4654,3.2559,-0.5074,1.1590,-0.3209,-0.2790
UBH,Boreal,-1.4435,14.9253,-19.6904,34.9382,2.7536,2.5218,1.2403,1.6741,-0.3474,0.1778,-0.4495,-0.2678,0.9338,2.7018,-0.3627,0.4910,3.1403,-0.5211,1.2115,-0.3209,-0.2790
UBH,Boreal,-1.4105,14.6843,-19.8243,34.4574,2.7392,2.5279,1.2264,1.6471,-0.3474,0.1074,-0.4552,-0.2678,0.6528,2.7661,-0.3627,0.5191,3.0061,-0.4905,1.2636,-0.3209,-0.2790
UF,Montane,1.3590,13.8924,-10.8423,25.2188,2.8631,2.6227,1.2924,1.5513,0.3781,-0.5085,0.9581,-0.2234,-0.0104,-0.2222,-0.3627,-0.4213,1.3863,-0.5459,-0.6751,-0.3209,-0.2790
UF,Montane,1.3943,13.7604,-10.8171,25.3972,2.8768,2.6230,1.2844,1.5422,0.5319,-0.5115,1.0076,-0.2247,0.0074,-0.2609,-0.3627,-0.4213,1.5401,-0.5956,-0.7068,-0.3209,-0.2790
UF,Montane,1.3264,13.5162,-10.9516,25.4451,2.9645,2.6406,1.2967,1.5148,0.3541,-0.4946,0.9100,-0.2214,-0.0062,-0.2837,-0.3627,-0.4213,1.5058,-0.5490,-0.7260,-0.3209,-0.2790
UF,Montane,1.3605,13.7060,-11.5666,25.6297,2.8465,2.6223,1.2955,1.5396,0.3547,-0.5164,1.0364,-0.2237,-0.0016,-0.2184,-0.3627,-0.4213,1.5731,-0.5777,-0.6960,-0.3209,-0.2790
UF,Montane,1.3260,13.7969,-11.4949,26.0020,2.9132,2.6202,1.3100,1.5463,0.4727,-0.5052,0.9741,-0.2256,-0.0024,-0.2662,-0.3627,-0.4213,1.6277,-0.5877,-0.7091,-0.3209,-0.2790
UF,Montane,1.3768,13.5275,-11.2077,25.3222,2.8399,2.6263,1.3054,1.5443,0.4010,-0.4955,0.9032,-0.2243,-0.0148,-0.2298,-0.3627,-0.4213,1.3016,-0.5434,-0.6879,-0.3209,-0.2790
UF,Montane,1.3908,13.6631,-10.8276,26.0121,2.9416,2.6380,1.2656,1.5210,0.4931,-0.5170,1.0302,-0.2247,0.0397,-0.2261,-0.3627,-0.4213,1.6356,-0.5454,-0.7193,-0.3209,-0.2790
UF,Montane,1.3103,13.6351,-10.7489,25.7871,2.9825,2.6330,1.2650,1.5341,0.3436,-0.5124,1.0008,-0.2272,-0.0501,-0.2804,-0.3627,-0.4213,1.4350,-0.5613,-0.7056,-0.3209,-0.2790
